{"file:///Users/dave/Documents/GitHub/Sites/For%20Review/sunshinecoastrealestateagent":{"assets/images/hashes.json":"pUdc04Q4kvvkE75SSVkdcg==","assets/images/npg-sales-330x139.jpg":"JS/5+rI0KQodEF2cdRChGQ==","assets/images/mel-jacket-transparent-960x1440.png":"YUtIXXfr1/YKlca5VBsZLQ==","assets/images/melissacasual-1027x1560.jpg":"OcVFWsM12jWwfffEQlpZ0g==","assets/images/apple-touch-icon-128x128.png":"hT9Vj59helPC60nqMPHhRQ==","assets/images/works-img-1.svg":"SicfoxQE9I5kccPV88lmbg==","assets/images/works-img-2.svg":"MbtdEVdVjxWG8jF9M+9kow==","assets/images/works-img-3.svg":"9EyxfPWCj7tV5x6KhoJL9A==","assets/images/works-img-4.svg":"IZMBmN/tp+enGSxSZm4nKQ==","assets/images/works-img-5.svg":"DcZNT02b8W2aAbNoZTXcmQ==","assets/images/intro-2000x1125.jpg":"SEARmQVCofgzEgR7JiyFvQ==","assets/web/assets/jquery/jquery.min.js":"3F5/GMjTasHT1HU6h8mNCg==","assets/web/assets/cookies-alert-plugin/cookies-alert-core.js":"qxwdTgA+ZJbZ0oDj3Q8f/A==","assets/web/assets/cookies-alert-plugin/cookies-alert-script.js":"QmBxd7zbpMrMGqgOcLlhGw==","assets/bootstrap/css/bootstrap.min.css":"Ov4V6XZzTZ2qwmMQEQxFlA==","assets/bootstrap/css/bootstrap-grid.min.css":"B/UEMwCpd8W0hrWHLpycag==","assets/bootstrap/css/bootstrap-reboot.min.css":"Ui5OyWvr8teeN3hgkVQeIQ==","assets/bootstrap/js/bootstrap.min.js":"a+pgw0xdtnlxUGENrNxrzg==","assets/popper/popper.min.js":"NiE4ESlZe/NNSKniYj4FyQ==","assets/tether/tether.min.css":"YhVaOUjL8Xsb9LQHyQq4Tw==","assets/tether/tether.min.js":"PlC291/0Eo8keLHUT4D9+w==","assets/theme/css/style.css":"6fOZEh7vGT496AAGYT74Ag==","assets/theme/js/script.js":"btXbsCi3i1ic7frsRrzn1A==","assets/smoothscroll/smooth-scroll.js":"e15+ccLIeWb2A3ZYIotPaw==","assets/facebook-plugin/style.css":"nYhxzNHI9IoRGQnHPdNiEQ==","assets/facebook-plugin/facebook-script.js":"IkvNICd7tqUSof3XJ63r7Q==","assets/witsec-mailform/witsec-mailform.js":"IhDoy6Fa90bYhgm5WUt+ow==","assets/witsec-mailform/phpmailer.php":"TEckpmkbQdlcwYukhQh8cw==","assets/dropdown/css/style.css":"s+S8lVC62P0BWFtgHpaNFA==","assets/dropdown/js/nav-dropdown.js":"j5pq4WKLRnihd7IVVkQkJg==","assets/dropdown/js/navbar-dropdown.js":"RJXH/341Oa7csvj4pGRDfQ==","assets/touchswipe/jquery.touch-swipe.min.js":"9g/wVGnRdXmW2F9BctT/TQ==","assets/parallax/jarallax.min.js":"rX/x1RkUP0ZMvZZrsxrg7A==","assets/instagram-feed/index.js":"j6E04gjT+1CU7sEj9hdrEw==","assets/instagram-feed/style.css":"PHrcxvofrAJtm3BoykDxPQ==","assets/slick/slick.min.js":"1aYcdJ5E5HFZr4pled2hIQ==","assets/slick/slick.css":"84stsQ4BsVcnMqMZHVOHBw==","assets/web/assets/mobirise-icons/mobirise-icons.css":"t/IrTIzfJvbDUoCV05F+7Q==","assets/web/assets/mobirise-icons/mobirise-icons.eot":"T9iJ+Vffe7n6Gk/+pf9gEw==","assets/web/assets/mobirise-icons/mobirise-icons.svg":"Yp5pSlGdnLgPdQLUa/Yv3w==","assets/web/assets/mobirise-icons/mobirise-icons.ttf":"r0OtN8kuMaYwUc+mlGDUWA==","assets/web/assets/mobirise-icons/mobirise-icons.woff":"3aYYVAIqADvsB1jjxJZ73w==","assets/bootstrapcarouselswipe/bootstrap-carousel-swipe.js":"HEdFRPTkWOm3/ASZPVNdDQ==","assets/mbr-testimonials-slider/mbr-testimonials-slider.js":"5nypJX+QgFTDpvPEk/EqHQ==","assets/formstyler/jquery.formstyler.css":"ajjp8ztH9eVUk4rdhVGFYg==","assets/formstyler/jquery.formstyler.js":"Xv5CrVBApokt3elzzhEwuQ==","assets/formstyler/jquery.formstyler.min.js":"AZwL++bNUiLJxmlnInDaEQ==","assets/formstyler/jquery.formstyler.theme.css":"J/V1s94HUkXblUKKORPI7w==","assets/datepicker/jquery.datetimepicker.min.css":"ho+tif2BPmsXNeoVpuhDPg==","assets/datepicker/jquery.datetimepicker.full.js":"TcRSAGiGustgTlkirRSsRg==","assets/sociallikes/social-likes.js":"/bGl3f33oFIUYSt2QhNpPQ==","assets/socicon/css/styles.css":"q91aZJ04O5rzI1nJO9PRHw==","assets/socicon/fonts/socicon.eot":"MvYQV8XxgngrhGqjN3oHBw==","assets/socicon/fonts/socicon.svg":"U1iRKoyNjKeR+mUJr3QbXg==","assets/socicon/fonts/socicon.ttf":"IyAo3XNB2a/Q0ml3ZraPsQ==","assets/socicon/fonts/socicon.woff":"zQDjXd6bBUQi87pRsBWVqQ==","assets/socicon/fonts/socicon.woff2":"o3w8h99EHOwP99NXAoHpOQ==","assets/popup-plugin/script.js":"gjykJzvqqDgry38p7W3sfA==","assets/popup-overlay-plugin/script.js":"z83QVk3OeWbUOXnxxooFPg==","assets/popup-onexit-plugin/script.js":"E6jc/ZSCaFeScbMIvCk3jg==","assets/bootstrap-material-design-font/css/material.css":"9zIPBjc1O1WIKS2mXdgf6A==","assets/bootstrap-material-design-font/fonts/LICENSE.txt":"pV8TLVKq0XI9Ij+wgM+cug==","assets/bootstrap-material-design-font/fonts/Material-Design-Icons.eot":"CknRtBbQs2/qr/cnsjIXoA==","assets/bootstrap-material-design-font/fonts/Material-Design-Icons.svg":"xugX+kwOmhTCvA5NKlGGlQ==","assets/bootstrap-material-design-font/fonts/Material-Design-Icons.ttf":"Dml+ngZb5FR5/OlatL3StQ==","assets/bootstrap-material-design-font/fonts/Material-Design-Icons.woff":"HxFuKE1A5RK1mOWpMPOSYw==","assets/icon54/style.css":"osH7JUGsWKLQfr7SbqxqXw==","assets/icon54/fonts/icon54.eot":"xAnhFzWmDRMbbtvwUCLFZg==","assets/icon54/fonts/icon54.svg":"nSFmRMJdVi7NmSWBoba37g==","assets/icon54/fonts/icon54.ttf":"xrj7516CCPIcK66+C/hi3w==","assets/icon54/fonts/icon54.woff":"fH5+X8dAVB4GqAW4bsAssQ==","assets/formoid.min.js":"PCIvx4TB4BdNTxFrmRNOkQ==","assets/recaptcha.css":"rAr6hicA8NHvvo8fHdDrDQ==","assets/fonts/DINNextLTPro-Bold/font.woff":"3ysF4NpiFuavlCaBxe/Ldw==","assets/fonts/DINNextLTPro-Bold/style.css":"HSc27oj/gomM9qpa0dZfvw==","assets/fonts/DIN Next LT Pro Regular/font.ttf":"5blShsGzrr3HinnHal6lzw==","assets/fonts/DIN Next LT Pro Regular/style.css":"YtBcgXL6kumEFeO/qkEMJQ==","assets/images/mellogo-circ-1080-300x300.png":"VbMHiivkru03CidHs14iaw==","assets/images/index-meta.png":"YUtIXXfr1/YKlca5VBsZLQ==","assets/images/Sell-your-home-with-Melissa-Schembri-meta.png":"YUtIXXfr1/YKlca5VBsZLQ==","sw.js":"rUs5npuKZhM1B/LP9YXM7A==","sw-connect.js":"LHdIp/pD3p2hapLzhfKvAA==","assets/web/assets/lazyload/lazyload.js":"iEer5vH3XpJBGCKC3+CUeQ==","assets/images/apple-touch-icon-128x128-128x128.png":"mALnKdwteqKvJPWvd3NnqQ==","assets/icons/512x512.png":"WYs/TGqdnYHFNAFBWDpsdQ==","assets/images/mel%20jacket%20-%20transparent-960x1440.png":"YUtIXXfr1/YKlca5VBsZLQ=="}}