{"SEARmQVCofgzEgR7JiyFvQ==":"intro-2000x1125.jpg","NM30pvM/YXNvCgrj76qd9g==":"npg-melissas-1-684x684.png","n2WhLXUTut7dhQvBGU7e4g==":"15-culbara-st-edited-35-156x104.jpg","4YCRFKI0oe0QBqwK8C1Wjw==":"npg-melissas-1-800x800.png","YUtIXXfr1/YKlca5VBsZLQ==":"mel%20jacket%20-%20transparent-960x1440.png","Ic+yKrT+RGV7zy2Lf2WKNQ==":"mel%20schembri%20-%20maroochy%20river%20arial-2000x1125.jpg","cW8u//RpcFbafYDaXtDGJQ==":"nextlogo-white-trans-122x46.png","HdpZG9AbDfYHhDzTBpQhxw==":"next%20property%20group%20logo-322x119.png","JS/5+rI0KQodEF2cdRChGQ==":"npg_sales-330x139.jpg","Hmjo9Xoh9qi5GjpLo/0eHQ==":"background1.jpg","SicfoxQE9I5kccPV88lmbg==":"works-img-1.svg","MbtdEVdVjxWG8jF9M+9kow==":"works-img-2.svg","9EyxfPWCj7tV5x6KhoJL9A==":"works-img-3.svg","IZMBmN/tp+enGSxSZm4nKQ==":"works-img-4.svg","DcZNT02b8W2aAbNoZTXcmQ==":"works-img-5.svg","b/ZeOYLgY0Pt8nauVimmOA==":"intro-1-2000x1125.jpg","PpCf3F4U4fgK47ZEi5fDrw==":"background.jpg","OcVFWsM12jWwfffEQlpZ0g==":"melissacasual-1027x1560.jpg","tah/qgwfgMhIcHKbk0RH+w==":"background3.jpg","FRv1CqrapTYKWGVOB1OroQ==":"background5.jpg","VbMHiivkru03CidHs14iaw==":"mellogo-circ-1080-300x300.png","Gqz2PUh+yQPeUthmTwm++w==":"background7.jpg"}